"Food.Name","Covariate","Top 100 Companies","T_Value","P_Value","Significance","Industry_Concentration","N_Sample","N_Top100"
"TI = (amaranth)","Food.Code1",-0.150060694575734,-1.12727165937422,0.259627640963601,"None",0.333333333333333,231,2
"TI = (barley)","Food.Code2",-0.857119598685723,-11.909524578114,1.0557750205649e-32,"1%",0.109195402298851,949,19
"TI = (buckwheat)","Food.Code3",-0.273695830477043,-2.62542645138073,0.0086540503087943,"10%",0,375,0
"TI = (bulgur)","Food.Code4",-1.46633706879343,-2.28931801489808,0.0220608817464782,"5%",0,16,0
"TI = (corn OR maize  OR Zea mays)","Food.Code5",-1.32903674585126,-28.7782948109495,4.00981128856274e-182,"1%",0.190839694656489,2899,50
"TI = (einkorn)","Food.Code6",-0.318453731118534,-0.685347569907024,0.4931246204798,"None",0,19,0
"TI = (farro OR emmer)","Food.Code7",-1.43508452528932,-2.88393492835818,0.00392739897982573,"10%",0,26,0
"TI = (fonio)","Food.Code8",-1.38629436111989,-1.23993937131549,0.214997820000257,"None",0,5,0
"TI = (khorasan wheat OR oriental wheat OR kamut OR khorasan grain)","Food.Code10",1.20397280432594,1.82896598375849,0.0674047042521893,"None",0,13,0
"TI = (kaniwa OR Chenopodium pallidicaule OR ca単ihua OR canihua OR ca単ahua OR kaiwa)","Food.Code11",-0.847297860387204,-1.22785125111112,0.219502812283,"None",0,10,0
"TI = (millet)","Food.Code12",0.00619197024792157,0.0556413995191429,0.955627483524852,"None",0,326,0
"TI = (oats or oatmeal)","Food.Code13",0.532804530484772,6.21601809988136,5.09929243918227e-10,"1%",0.370967741935484,637,46
"TI = (quinoa)","Food.Code14",-0.238411023444997,-1.81833528287302,0.0690129032327421,"None",0,237,0
"TI = (rice)","Food.Code15",-0.914683732153198,-25.8767651773289,1.21640033132704e-147,"1%",0.0689655172413793,3942,14
"TI = (rye)","Food.Code16",-0.450069414344918,-3.42798982357537,0.000608068253030204,"1%",0.0444444444444444,246,2
"TI = (sorghum OR milo OR durra OR jowari OR great millet)","Food.Code17",-0.573556153089419,-6.03319779755447,1.60746457242374e-09,"1%",0.106382978723404,489,5
"TI = (spelt OR ""dinkel wheat"" OR ""hulled wheat"" OR ""Triticum aestivum spelta"")","Food.Code18",-1.66500776358891,-4.03961342344373,5.3539372148115e-05,"1%",0,44,0
"TI = (teff OR ""Williams lovegrass"" OR ""annual bunch grass"" OR ""Eragrostis abyssinica"" OR ""Eragrostis tef"")","Food.Code19",-0.810930216216328,-2.33734965097465,0.0194210108261465,"5%",0,39,0
"TI = (triticale OR ""wheat-rye"")","Food.Code20",-1.16315080980568,-4.54047584055804,5.61274103782629e-06,"1%",0,84,0
"TI = (wheat OR Triticum)","Food.Code21",-1.27306468081277,-31.9857005969142,1.72371894650654e-224,"1%",0.11830985915493,3767,42
"TI = (""wild rice"" OR ""Indian rice"" OR Zizania OR ""water oats"" OR ""water rice"")","Food.Code22",-0.0487901641694322,-0.156158272608404,0.875908266795174,"None",0,41,0
"TI=(almond*)","Food.Code23",-0.46499108742219,-4.07430623331207,4.61517202073509e-05,"1%",0.00934579439252336,325,1
"TI=(brazil nut* )","Food.Code24",-0.131028262406404,-0.676231696007663,0.498893551544151,"None",0.5,109,2
"TI=(cashew)","Food.Code25",-0.365113812584597,-2.15467853709344,0.0311869984774579,"5%",0.0769230769230769,145,1
"TI=(chestnut*)","Food.Code26",-0.674455047547793,-4.94069972362399,7.78427102571055e-07,"1%",0,240,0
"TI=(hazel* OR cobnut OR filbert)","Food.Code27",-1.05605267424931,-6.3021577586728,2.93530168350272e-10,"1%",0.125,188,2
"TI=(macadamia)","Food.Code28",-1.04982212449868,-2.39055013838957,0.0168231519465683,"5%",0,27,0
"TI=(peanut* OR groundnut* OR ""ground nut*"")","Food.Code29",-0.874746976225488,-11.1688509139931,5.79253730549755e-29,"1%",0.1875,799,9
"TI=(pecan*)","Food.Code30",-0.633723760089145,-2.61188512872814,0.00900445037628335,"10%",0,75,0
"TI=(""pine nut*"" OR ""pinenut*"" OR pinon OR pignon)","Food.Code31",-0.510825623765991,-1.71336122908423,0.0866461043891225,"None",0,48,0
"TI=(pista*)","Food.Code32",-0.447312218043665,-3.08548173340278,0.00203222706596763,"10%",0,200,0
"TI=(walnut* OR juglans)","Food.Code33",0.193371392980539,1.75349490133817,0.0795170939468406,"None",0,333,0
"TI=(acerola or ""west indian cherry"")","Food.Code34",-0.265703165733006,-0.958701351116946,0.337709217623719,"None",0,53,0
"TI=(apple)","Food.Code35",-1.13253684445001,-21.6458625512845,6.64881198422622e-104,"1%",0.0555555555555556,1992,6
"TI=(apricots)","Food.Code36",-1.04769219824085,-6.18010353143285,6.40595774645656e-10,"1%",0,181,0
"TI=(avocado)","Food.Code37",-0.519483686509103,-3.41695759854328,0.000633251416181703,"1%",0.25,195,9
"TI=(banana)","Food.Code38",-0.924948794617268,-9.1945127908854,3.7669776927382e-20,"1%",0,486,0
"TI=(blackberries)","Food.Code39",0.0555698511548099,0.33329044819093,0.738915048861791,"None",0,144,0
"TI=(blackcurrant)","Food.Code40",0.328504066972036,1.50289201685045,0.132866891974762,"None",0,87,0
"TI=(blueberries)","Food.Code41",0.10334235150159,1.18010236946698,0.23795950234641,"None",0,523,0
"TI=(breadfruit)","Food.Code42",-0.117783035656383,-0.242395487626312,0.808473730495038,"None",0,17,0
"TI=(cantaloupe)","Food.Code43",-1.69773051957978,-5.62768736915439,1.82641724562499e-08,"1%",0,84,0
"TI=(carambola)","Food.Code44",-0.575364144903562,-1.38087394776855,0.16731772154068,"None",0,25,0
"TI=(cherimoya)","Food.Code45",-2.30258509299405,-2.1954287447244,0.0281328570479118,"5%",0,11,0
"TI=(cherries)","Food.Code46",-0.653688343819396,-6.87204345265785,6.32886685776425e-12,"1%",0,491,0
"TI=(coconut)","Food.Code48",-0.507743957228584,-4.57409590073259,4.78280745229073e-06,"1%",0.0285714285714286,349,1
"TI=(cranberries)","Food.Code49",0.672093771362113,4.63997748736751,3.48447135410459e-06,"1%",0.0333333333333333,215,2
"TI=(custard apple)","Food.Code50",0.405465108108164,0.444164771984225,0.656923459709192,"None",0,5,0
"TI=(date fruit)","Food.Code51",-0.635988766719997,-2.18184293736503,0.0291211264385217,"5%",0,52,0
"TI=(durian)","Food.Code52",-1.26566637333128,-3.70734400109157,0.000209444353680316,"1%",0,50,0
"TI=(elderberries)","Food.Code53",0.496436886313891,1.46450587030608,0.143055780302789,"None",0.5,38,1
"TI=(feijoa)","Food.Code54",-0.182321556793955,-0.301094141447358,0.763342708313776,"None",0,11,0
"TI=(figs)","Food.Code55",-1.09861228866811,-4.46258421247237,8.09770876978817e-06,"1%",0,88,0
"TI=(gooseberries)","Food.Code56",-0.325422400434628,-0.89407618310177,0.371281131358988,"None",1,32,1
"TI=(grapefruit)","Food.Code57",-0.921681580509033,-4.7418910186505,2.11732520285914e-06,"1%",0,130,0
"TI=(grapes)","Food.Code58",-0.868226561090953,-19.4980878570941,1.13963920710649e-84,"1%",0.0838323353293413,2437,14
"TI=(guava)","Food.Code59",-0.621403275701104,-4.04079138569565,5.32711304596307e-05,"1%",0,186,0
"TI=(honeydew melon)","Food.Code60",-1.38629436111989,-1.23993937131549,0.214997820000257,"None",0,5,0
"TI=(jackfruit)","Food.Code61",-1.38629436111989,-3.92103257387419,8.81703420382837e-05,"1%",0,50,0
"TI=(java plum)","Food.Code62",13.5660664933678,0.0253376606479203,0.979785634712439,"None",0,1,0
"TI=(jujube fruit)","Food.Code63",0.0425596144187959,0.145853983400703,0.884036658935506,"None",0,47,0
"TI=(kiwifruit)","Food.Code64",-0.506561224979533,-3.87961084827236,0.000104623714563526,"1%",0,250,0
"TI=(kumquat)","Food.Code65",-0.559615787935423,-0.892837929046494,0.37194397128717,"None",0,11,0
"TI=(lemon)","Food.Code66",-0.343333327001158,-2.39239530363991,0.0167388029807617,"5%",0.111111111111111,201,1
"TI=(lime)","Food.Code67",-1.15057202759883,-5.0139579997497,5.33216306259759e-07,"1%",0,104,0
"TI=(longan)","Food.Code68",-0.84308732785086,-4.11042136272117,3.94937765351088e-05,"1%",0,113,0
"TI=(loquat)","Food.Code69",-0.303682413798222,-1.28251869596942,0.199660750781106,"None",0,73,0
"TI=(lychee)","Food.Code70",0.265703165733006,0.958701351116948,0.337709217623718,"None",0,53,0
"TI=(mandarin)","Food.Code71",-1.76978056250929,-7.84551902198656,4.31166480181001e-15,"1%",0,159,0
"TI=(mango)","Food.Code72",-0.82051801737148,-8.99288900432226,2.40815407657575e-19,"1%",0.0294117647058824,567,1
"TI=(mangosteen)","Food.Code73",-0.060624621816435,-0.246145285694018,0.805569768309236,"None",0,66,0
"TI=(mulberries)","Food.Code74",0.67706104280832,5.34534222341274,9.02463794915933e-08,"1%",0,280,0
"TI=(nectarine)","Food.Code75",-1.83827948486295,-4.51753796181005,6.25628142987319e-06,"1%",0,51,0
"TI=(olives)","Food.Code76",-0.762140052046917,-16.2285566950073,3.16821669264865e-59,"1%",0.0326086956521739,2096,3
"TI=(orange)","Food.Code77",-0.744629136395092,-9.98113993556301,1.843366812225e-23,"1%",0.426229508196721,853,26
"TI=(papaya)","Food.Code78",-0.576887374444081,-4.18029532885906,2.91130745193161e-05,"1%",0.181818181818182,230,2
"TI=(passion fruit)","Food.Code79",-0.798507696217771,-3.97874728795856,6.92793300581145e-05,"1%",0.25,119,2
"TI=(peaches)","Food.Code80",-1.39990001317567,-10.7125070349286,8.8920611413756e-27,"1%",0,369,0
"TI=(pear)","Food.Code81",-1.26242487940711,-11.3114012590382,1.15234314731984e-29,"1%",0,469,0
"TI=(persimmon)","Food.Code82",-0.376477571234915,-2.4256268455355,0.0152819742837887,"5%",0,172,0
"TI=(dragon fruit OR pitaya)","Food.Code83",-0.788457360364271,-3.2687715344029,0.00108015480007407,"10%",0,80,0
"TI=(pineapple)","Food.Code84",-0.950192283549841,-6.1452486214115,7.98383608504575e-10,"1%",0.166666666666667,209,1
"TI=(pitanga)","Food.Code85",0.318453731118535,0.685347569907024,0.493124620479799,"None",0,19,0
"TI=(plantain)","Food.Code86",-0.305381649551182,-1.22614486268516,0.220144165905059,"None",0,66,0
"TI=(plums)","Food.Code87",-0.539943022336718,-4.02604655403893,5.6722463573498e-05,"1%",0,239,0
"TI=(pomegranate)","Food.Code88",0.0905140075408287,1.1046593054243,0.269307242991805,"None",0.0338983050847458,600,2
"TI=(prickly pear)","Food.Code89",-0.174353387144778,-0.589021469208076,0.555846871688523,"None",0,46,0
"TI=(prunes)","Food.Code90",-1.62596721438531,-5.14879848706757,2.62160341929255e-07,"1%",0.0833333333333333,75,1
"TI=(pummelo)","Food.Code91",-1.09861228866811,-1.90285230179269,0.057059820364337,"None",0,16,0
"TI=(quince)","Food.Code92",-0.534082485930258,-1.74844864265614,0.0803863712312358,"None",0,47,0
"TI=(raspberries)","Food.Code93",0.368423836427816,2.97075259612794,0.00297070992242761,"10%",0,269,0
"TI=(rhubarb)","Food.Code94",0.336472236621213,0.812657657585165,0.416414364181193,"None",0,24,0
"TI=(rose apple)","Food.Code95",13.5660664933762,0.0506753212956612,0.959584242129121,"None",0,4,0
"TI=(sapodilla)","Food.Code96",-1.79175946922805,-1.65884693056913,0.0971466407595114,"None",0,7,0
"TI=(sapote OR chikoo OR sapota)","Food.Code97",-1.28093384546206,-2.53386829622839,0.0112811122800804,"5%",0,23,0
"TI=(soursop)","Food.Code98",-1.52605630349505,-3.0927189942396,0.00198331838830475,"10%",0.666666666666667,30,2
"TI=(strawberries)","Food.Code99",-1.05516496890919,-12.7227709774344,4.41906363647698e-37,"1%",0.0666666666666667,761,2
"TI=(sugar apple)","Food.Code100",-1.79175946922806,-3.70929450101945,0.000207837567814754,"1%",0,35,0
"TI=(tamarind)","Food.Code101",-0.521296923633285,-1.79991445011533,0.0718741476198373,"None",0,51,0
"TI=(tangerine)","Food.Code102",-0.287682072451781,-0.753328498909746,0.451252537343081,"None",0,28,0
"TI=(watermelon)","Food.Code103",-0.790785650123863,-4.09623913526334,4.19916173272545e-05,"1%",0,125,0
"TI=(bean*)","Food.Code104",-0.4154096182565,-7.67723609379192,1.62557673919738e-14,"1%",0.257575757575758,1465,34
"TI=(lentil*)","Food.Code105",0.281851152140987,1.97336066841218,0.0484544853789297,"5%",0,201,0
"TI=(peas OR chickpeas)","Food.Code106",-0.497551092557295,-6.48296354473699,8.99382355149188e-11,"1%",0.0792079207920792,731,8
"TI=(soy OR tofu)","Food.Code107",-0.187060413916054,-3.92884664538195,8.5354246814186e-05,"1%",0.154411764705882,1826,21
"TI = (dairy OR milk OR yogurt OR cheese)","Food.Code108",-0.804295395777445,-44.4408994849582,0,"1%",0.153416557161629,14942,467
"TI=(amaranth leaves)","Food.Code109",0.51082562376599,0.6994767927207,0.484254111335149,"None",0,9,0
"TI=(arrowroot)","Food.Code110",-1.6094379124341,-2.07777541053737,0.0377300496349948,"5%",0,12,0
"TI=(artichoke)","Food.Code111",-0.135341347869762,-0.821367908545581,0.411436737259082,"None",0.666666666666667,150,2
"TI=(arugula)","Food.Code112",-0.693147180559946,-0.80037742256863,0.423492157921493,"None",0,6,0
"TI=(asparagus)","Food.Code113",-0.265107750413242,-1.49239234563673,0.135596320480817,"None",0,129,0
"TI=(bamboo shoots)","Food.Code114",-0.631271776841858,-2.55016956429307,0.0107670537254556,"5%",0,72,0
"TI=(green beans)","Food.Code115",-0.885038188370052,-3.79685450890948,0.000146543738080533,"1%",0.142857142857143,90,1
"TI=(beets or beetroot)","Food.Code116",-0.72656317747979,-6.05394201055583,1.41343509849074e-09,"1%",0.0869565217391304,319,2
"TI=(belgian endive)","Food.Code117",-13.5660664933747,-0.0253376606478456,0.979785634712498,"None",0,1,0
"TI=(bitter melon )","Food.Code118",1.83827948486295,4.51753796181005,6.25628142987324e-06,"1%",0,51,0
"TI=(bok choy)","Food.Code119",13.5660664933766,0.0438861155869722,0.964995182794693,"None",0,3,0
"TI=(broccoli)","Food.Code120",-0.0551518200750821,-0.550619004490921,0.581894878295356,"None",0.04,401,1
"TI=(cabbage)","Food.Code122",-0.687925236578796,-5.49860589878464,3.82805617105806e-08,"1%",0.5,293,4
"TI=(carrot)","Food.Code123",-0.685179010910778,-7.6808809660505,1.57998240753468e-14,"1%",0.212121212121212,572,7
"TI=(cassava OR yucca root)","Food.Code124",-1.68354588458784,-12.4649806770048,1.15899876162045e-35,"1%",0.210526315789474,419,4
"TI=(cauliflower)","Food.Code125",-1.03609193168678,-2.95223439754937,0.00315483347973056,"10%",0.75,45,3
"TI=(celeriac OR celery root)","Food.Code126",-0.287682072451781,-0.376664249454874,0.706423134097083,"None",0,7,0
"TI=(celery)","Food.Code127",-0.619039208406225,-2.28709646540726,0.0221901931571798,"5%",0.2,61,1
"TI=(chayote)","Food.Code128",-0.693147180559946,-0.800377422568629,0.423492157921493,"None",0,6,0
"TI=(chicory or curly endive)","Food.Code129",-0.279584862219161,-1.17468163876465,0.240122107915859,"None",0.181818181818182,74,2
"TI=(collards)","Food.Code130",0,0,1,"None",0,5,0
"TI=(cucumber)","Food.Code132",-0.586986984731554,-5.54793131239125,2.89069389304077e-08,"1%",0.107142857142857,392,3
"TI=(daikon)","Food.Code133",0.510825623765991,0.699476792720701,0.484254111335149,"None",0,8,0
"TI=(eggplant)","Food.Code135",-0.986494990547403,-3.94902352605297,7.84706400733345e-05,"1%",0,82,0
"TI=(fennel)","Food.Code136",-0.328504066972036,-1.06270513650608,0.287915690769828,"None",0,43,0
"TI=(ginger)","Food.Code138",0.316669609325033,2.43255577615429,0.0149926821790953,"5%",0.4,244,2
"TI=(horseradish)","Food.Code139",-2.09714111877924,-5.23629512984517,1.63831907466922e-07,"1%",0.333333333333333,65,1
"TI=(jicama)","Food.Code140",-1.94591014905531,-1.8202322708028,0.0687236406488201,"None",0,8,0
"TI=(kale)","Food.Code141",0.315852949418477,1.42102111556287,0.155310620925858,"None",1,86,2
"TI=(kohlrabi)","Food.Code142",-0.693147180559946,-0.80037742256863,0.423492157921493,"None",0,6,0
"TI=(leeks)","Food.Code143",0.154150679827258,0.391844189566494,0.69517334211627,"None",0,26,0
"TI=(lettuce)","Food.Code144",-2.00468146647071,-14.4554042711131,2.317649831829e-47,"1%",0,497,0
"TI=(mushrooms)","Food.Code145",-0.087206062087101,-1.30321323803298,0.192501971878091,"None",0.0344827586206897,898,1
"TI=(mustard greens)","Food.Code146",-0.405465108108164,-0.444164771984225,0.656923459709192,"None",0,5,0
"TI=(okra)","Food.Code147",-0.44802472252696,-1.67838327097057,0.0932723013013353,"None",0,59,0
"TI=(onion)","Food.Code148",-0.260929886980349,-2.4883361285437,0.0128342368675395,"5%",0,372,0
"TI=(parsnip)","Food.Code149",-13.5660664933747,-0.0670371488783463,0.946552129175716,"None",0,7,0
"TI=(pepper)","Food.Code150",-1.01160091167848,-10.8198745221836,2.77156566599379e-27,"1%",0.166666666666667,592,6
"TI=(potato)","Food.Code151",-0.907057867868951,-16.3664451604676,3.32050988808915e-60,"1%",0.203389830508475,1620,24
"TI=(pumpkin)","Food.Code152",-0.693147180559949,-4.70115290543048,2.58696702077186e-06,"1%",0,207,0
"TI=(radicchio)","Food.Code153",-13.5660664933747,-0.0716657266539816,0.942867932169796,"None",0,8,0
"TI=(radishes)","Food.Code154",-0.671640975338978,-3.74604186056878,0.000179646626915027,"1%",0,139,0
"TI=(rutabaga)","Food.Code155",13.5660664933652,0.0438861155871877,0.964995182794521,"None",0,3,0
"TI=(salsify or oysterplant)","Food.Code156",-0.693147180559945,-0.565952303006889,0.571426204958314,"None",0,3,0
"TI=(shallots)","Food.Code157",0,0,1,"None",0,8,0
"TI=(sorrel or dock)","Food.Code158",-0.0859424298007247,-0.548113615139709,0.583613892424308,"None",0,164,0
"TI=(squash)","Food.Code159",-0.810930216216329,-1.90843799845342,0.056334629565728,"None",0,26,0
"TI=(spinach)","Food.Code160",-1.14788333767489,-8.12505118728021,4.47173656795797e-16,"1%",0.0526315789473684,278,1
"TI=(swiss chard)","Food.Code161",-1.20397280432594,-1.82896598375849,0.0674047042521895,"None",0,13,0
"TI=(tomatillo)","Food.Code162",0,0,1,"None",0,2,0
"TI=(tomato)","Food.Code163",-0.978005721724121,-16.653637513919,2.8475552844387e-62,"1%",0.163934426229508,1474,10
"TI=(turnip)","Food.Code164",-1.46633706879343,-3.23758458525392,0.0012054619860965,"10%",0,32,0
"TI=(watercress)","Food.Code165",0.22314355131421,0.576154172035676,0.564510978132912,"None",0,27,0
"TI=(zucchini)","Food.Code167",-2.07944154167984,-3.39571381804133,0.000684498872668099,"1%",0,27,0
"TI=(gourd)","Food.Code168",-0.0689928714869514,-0.262560787886138,0.792889126593307,"None",0.25,59,1
"TI = (amaranth)","Food.Code1:Is_Industry_Top1001",13.716127187608,0.0362292253803346,0.971099582797158,"None",0.333333333333333,231,2
"TI = (barley)","Food.Code2:Is_Industry_Top1001",0.538665867567181,1.14560847913244,0.251957187290813,"None",0.109195402298851,949,19
"TI = (buckwheat)","Food.Code3:Is_Industry_Top1001",NA,NA,NA,"None",0,375,0
"TI = (bulgur)","Food.Code4:Is_Industry_Top1001",NA,NA,NA,"None",0,16,0
"TI = (corn OR maize  OR Zea mays)","Food.Code5:Is_Industry_Top1001",1.16869409577615,4.06522417325334,4.79863157665104e-05,"1%",0.190839694656489,2899,50
"TI = (einkorn)","Food.Code6:Is_Industry_Top1001",NA,NA,NA,"None",0,19,0
"TI = (farro OR emmer)","Food.Code7:Is_Industry_Top1001",NA,NA,NA,"None",0,26,0
"TI = (fonio)","Food.Code8:Is_Industry_Top1001",NA,NA,NA,"None",0,5,0
"TI = (khorasan wheat OR oriental wheat OR kamut OR khorasan grain)","Food.Code10:Is_Industry_Top1001",NA,NA,NA,"None",0,13,0
"TI = (kaniwa OR Chenopodium pallidicaule OR ca単ihua OR canihua OR ca単ahua OR kaiwa)","Food.Code11:Is_Industry_Top1001",NA,NA,NA,"None",0,10,0
"TI = (millet)","Food.Code12:Is_Industry_Top1001",NA,NA,NA,"None",0,326,0
"TI = (oats or oatmeal)","Food.Code13:Is_Industry_Top1001",0.193132472898172,0.592442738634912,0.553554154223053,"None",0.370967741935484,637,46
"TI = (quinoa)","Food.Code14:Is_Industry_Top1001",NA,NA,NA,"None",0,237,0
"TI = (rice)","Food.Code15:Is_Industry_Top1001",0.627001659701361,1.15850269917095,0.246658950809037,"None",0.0689655172413793,3942,14
"TI = (rye)","Food.Code16:Is_Industry_Top1001",-13.1159970790284,-0.0346440659640517,0.972363563015087,"None",0.0444444444444444,246,2
"TI = (sorghum OR milo OR durra OR jowari OR great millet)","Food.Code17:Is_Industry_Top1001",-0.8127382080305,-0.72432139559297,0.468868444618485,"None",0.106382978723404,489,5
"TI = (spelt OR ""dinkel wheat"" OR ""hulled wheat"" OR ""Triticum aestivum spelta"")","Food.Code18:Is_Industry_Top1001",NA,NA,NA,"None",0,44,0
"TI = (teff OR ""Williams lovegrass"" OR ""annual bunch grass"" OR ""Eragrostis abyssinica"" OR ""Eragrostis tef"")","Food.Code19:Is_Industry_Top1001",NA,NA,NA,"None",0,39,0
"TI = (triticale OR ""wheat-rye"")","Food.Code20:Is_Industry_Top1001",NA,NA,NA,"None",0,84,0
"TI = (wheat OR Triticum)","Food.Code21:Is_Industry_Top1001",0.470718208287774,1.40036443088985,0.16140421567755,"None",0.11830985915493,3767,42
"TI = (""wild rice"" OR ""Indian rice"" OR Zizania OR ""water oats"" OR ""water rice"")","Food.Code22:Is_Industry_Top1001",NA,NA,NA,"None",0,41,0
"TI=(almond*)","Food.Code23:Is_Industry_Top1001",14.0310575808018,0.0262061348150596,0.979092922689434,"None",0.00934579439252336,325,1
"TI=(brazil nut* )","Food.Code24:Is_Industry_Top1001",13.6970947557672,0.036178951380149,0.971139669365647,"None",0.5,109,2
"TI=(cashew)","Food.Code25:Is_Industry_Top1001",13.931180305954,0.026019590978084,0.979241712399522,"None",0.0769230769230769,145,1
"TI=(chestnut*)","Food.Code26:Is_Industry_Top1001",NA,NA,NA,"None",0,240,0
"TI=(hazel* OR cobnut OR filbert)","Food.Code27:Is_Industry_Top1001",-12.5100138191203,-0.0330434449594539,0.973639942474443,"None",0.125,188,2
"TI=(macadamia)","Food.Code28:Is_Industry_Top1001",NA,NA,NA,"None",0,27,0
"TI=(peanut* OR groundnut* OR ""ground nut*"")","Food.Code29:Is_Industry_Top1001",-0.378015992269858,-0.469235400294948,0.638901384434318,"None",0.1875,799,9
"TI=(pecan*)","Food.Code30:Is_Industry_Top1001",NA,NA,NA,"None",0,75,0
"TI=(""pine nut*"" OR ""pinenut*"" OR pinon OR pignon)","Food.Code31:Is_Industry_Top1001",NA,NA,NA,"None",0,48,0
"TI=(pista*)","Food.Code32:Is_Industry_Top1001",NA,NA,NA,"None",0,200,0
"TI=(walnut* OR juglans)","Food.Code33:Is_Industry_Top1001",NA,NA,NA,"None",0,333,0
"TI=(acerola or ""west indian cherry"")","Food.Code34:Is_Industry_Top1001",NA,NA,NA,"None",0,53,0
"TI=(apple)","Food.Code35:Is_Industry_Top1001",1.13253684444997,1.38422960205793,0.166288161938163,"None",0.0555555555555556,1992,6
"TI=(apricots)","Food.Code36:Is_Industry_Top1001",NA,NA,NA,"None",0,181,0
"TI=(avocado)","Food.Code37:Is_Industry_Top1001",14.0855501798768,0.0789237089128598,0.937093305074717,"None",0.25,195,9
"TI=(banana)","Food.Code38:Is_Industry_Top1001",NA,NA,NA,"None",0,486,0
"TI=(blackberries)","Food.Code39:Is_Industry_Top1001",NA,NA,NA,"None",0,144,0
"TI=(blackcurrant)","Food.Code40:Is_Industry_Top1001",NA,NA,NA,"None",0,87,0
"TI=(blueberries)","Food.Code41:Is_Industry_Top1001",NA,NA,NA,"None",0,523,0
"TI=(breadfruit)","Food.Code42:Is_Industry_Top1001",NA,NA,NA,"None",0,17,0
"TI=(cantaloupe)","Food.Code43:Is_Industry_Top1001",NA,NA,NA,"None",0,84,0
"TI=(carambola)","Food.Code44:Is_Industry_Top1001",NA,NA,NA,"None",0,25,0
"TI=(cherimoya)","Food.Code45:Is_Industry_Top1001",NA,NA,NA,"None",0,11,0
"TI=(cherries)","Food.Code46:Is_Industry_Top1001",NA,NA,NA,"None",0,491,0
"TI=(coconut)","Food.Code48:Is_Industry_Top1001",-13.0583225361498,-0.0243893348231294,0.980542055375,"None",0.0285714285714286,349,1
"TI=(cranberries)","Food.Code49:Is_Industry_Top1001",12.8939727220234,0.034057619332619,0.972831203736498,"None",0.0333333333333333,215,2
"TI=(custard apple)","Food.Code50:Is_Industry_Top1001",NA,NA,NA,"None",0,5,0
"TI=(date fruit)","Food.Code51:Is_Industry_Top1001",NA,NA,NA,"None",0,52,0
"TI=(durian)","Food.Code52:Is_Industry_Top1001",NA,NA,NA,"None",0,50,0
"TI=(elderberries)","Food.Code53:Is_Industry_Top1001",13.0696296070519,0.0244104489366789,0.980525213763897,"None",0.5,38,1
"TI=(feijoa)","Food.Code54:Is_Industry_Top1001",NA,NA,NA,"None",0,11,0
"TI=(figs)","Food.Code55:Is_Industry_Top1001",NA,NA,NA,"None",0,88,0
"TI=(gooseberries)","Food.Code56:Is_Industry_Top1001",-13.2406440929396,-0.0247298558818934,0.980270440808634,"None",1,32,1
"TI=(grapefruit)","Food.Code57:Is_Industry_Top1001",NA,NA,NA,"None",0,130,0
"TI=(grapes)","Food.Code58:Is_Industry_Top1001",1.1559086335428,2.13308856999556,0.0329174612398134,"5%",0.0838323353293413,2437,14
"TI=(guava)","Food.Code59:Is_Industry_Top1001",NA,NA,NA,"None",0,186,0
"TI=(honeydew melon)","Food.Code60:Is_Industry_Top1001",NA,NA,NA,"None",0,5,0
"TI=(jackfruit)","Food.Code61:Is_Industry_Top1001",NA,NA,NA,"None",0,50,0
"TI=(java plum)","Food.Code62:Is_Industry_Top1001",NA,NA,NA,"None",0,1,0
"TI=(jujube fruit)","Food.Code63:Is_Industry_Top1001",NA,NA,NA,"None",0,47,0
"TI=(kiwifruit)","Food.Code64:Is_Industry_Top1001",NA,NA,NA,"None",0,250,0
"TI=(kumquat)","Food.Code65:Is_Industry_Top1001",NA,NA,NA,"None",0,11,0
"TI=(lemon)","Food.Code66:Is_Industry_Top1001",-13.2227331663759,-0.0246964080512982,0.980297120167952,"None",0.111111111111111,201,1
"TI=(lime)","Food.Code67:Is_Industry_Top1001",NA,NA,NA,"None",0,104,0
"TI=(longan)","Food.Code68:Is_Industry_Top1001",NA,NA,NA,"None",0,113,0
"TI=(loquat)","Food.Code69:Is_Industry_Top1001",NA,NA,NA,"None",0,73,0
"TI=(lychee)","Food.Code70:Is_Industry_Top1001",NA,NA,NA,"None",0,53,0
"TI=(mandarin)","Food.Code71:Is_Industry_Top1001",NA,NA,NA,"None",0,159,0
"TI=(mango)","Food.Code72:Is_Industry_Top1001",-12.7455484760223,-0.023805159551804,0.981008024489679,"None",0.0294117647058824,567,1
"TI=(mangosteen)","Food.Code73:Is_Industry_Top1001",NA,NA,NA,"None",0,66,0
"TI=(mulberries)","Food.Code74:Is_Industry_Top1001",NA,NA,NA,"None",0,280,0
"TI=(nectarine)","Food.Code75:Is_Industry_Top1001",NA,NA,NA,"None",0,51,0
"TI=(olives)","Food.Code76:Is_Industry_Top1001",14.3282065454572,0.0463516319673153,0.963029987142943,"None",0.0326086956521739,2096,3
"TI=(orange)","Food.Code77:Is_Industry_Top1001",1.55555935261136,3.60569178156863,0.000311322472416622,"1%",0.426229508196721,853,26
"TI=(papaya)","Food.Code78:Is_Industry_Top1001",0.576887374444101,0.405992579197749,0.684748052941271,"None",0.181818181818182,230,2
"TI=(passion fruit)","Food.Code79:Is_Industry_Top1001",14.36457418958,0.0379420041630367,0.969733922665594,"None",0.25,119,2
"TI=(peaches)","Food.Code80:Is_Industry_Top1001",NA,NA,NA,"None",0,369,0
"TI=(pear)","Food.Code81:Is_Industry_Top1001",NA,NA,NA,"None",0,469,0
"TI=(persimmon)","Food.Code82:Is_Industry_Top1001",NA,NA,NA,"None",0,172,0
"TI=(dragon fruit OR pitaya)","Food.Code83:Is_Industry_Top1001",NA,NA,NA,"None",0,80,0
"TI=(pineapple)","Food.Code84:Is_Industry_Top1001",-12.6158742098186,-0.0235629632459031,0.981201214991136,"None",0.166666666666667,209,1
"TI=(pitanga)","Food.Code85:Is_Industry_Top1001",NA,NA,NA,"None",0,19,0
"TI=(plantain)","Food.Code86:Is_Industry_Top1001",NA,NA,NA,"None",0,66,0
"TI=(plums)","Food.Code87:Is_Industry_Top1001",NA,NA,NA,"None",0,239,0
"TI=(pomegranate)","Food.Code88:Is_Industry_Top1001",-0.0905140075408228,-0.0638959106891639,0.949053108424452,"None",0.0338983050847458,600,2
"TI=(prickly pear)","Food.Code89:Is_Industry_Top1001",NA,NA,NA,"None",0,46,0
"TI=(prunes)","Food.Code90:Is_Industry_Top1001",-11.9400992789868,-0.0223007996575226,0.982208011007388,"None",0.0833333333333333,75,1
"TI=(pummelo)","Food.Code91:Is_Industry_Top1001",NA,NA,NA,"None",0,16,0
"TI=(quince)","Food.Code92:Is_Industry_Top1001",NA,NA,NA,"None",0,47,0
"TI=(raspberries)","Food.Code93:Is_Industry_Top1001",NA,NA,NA,"None",0,269,0
"TI=(rhubarb)","Food.Code94:Is_Industry_Top1001",NA,NA,NA,"None",0,24,0
"TI=(rose apple)","Food.Code95:Is_Industry_Top1001",NA,NA,NA,"None",0,4,0
"TI=(sapodilla)","Food.Code96:Is_Industry_Top1001",NA,NA,NA,"None",0,7,0
"TI=(sapote OR chikoo OR sapota)","Food.Code97:Is_Industry_Top1001",NA,NA,NA,"None",0,23,0
"TI=(soursop)","Food.Code98:Is_Industry_Top1001",1.52605630349505,1.01884853262075,0.308274880860919,"None",0.666666666666667,30,2
"TI=(strawberries)","Food.Code99:Is_Industry_Top1001",1.05516496890917,0.74483461632591,0.456371705448517,"None",0.0666666666666667,761,2
"TI=(sugar apple)","Food.Code100:Is_Industry_Top1001",NA,NA,NA,"None",0,35,0
"TI=(tamarind)","Food.Code101:Is_Industry_Top1001",NA,NA,NA,"None",0,51,0
"TI=(tangerine)","Food.Code102:Is_Industry_Top1001",NA,NA,NA,"None",0,28,0
"TI=(watermelon)","Food.Code103:Is_Industry_Top1001",NA,NA,NA,"None",0,125,0
"TI=(bean*)","Food.Code104:Is_Industry_Top1001",-1.59949340228578,-2.98951853326714,0.00279417495978612,"10%",0.257575757575758,1465,34
"TI=(lentil*)","Food.Code105:Is_Industry_Top1001",NA,NA,NA,"None",0,201,0
"TI=(peas OR chickpeas)","Food.Code106:Is_Industry_Top1001",-1.44835905649803,-1.35133798336817,0.176587189929887,"None",0.0792079207920792,731,8
"TI=(soy OR tofu)","Food.Code107:Is_Industry_Top1001",0.880207594476026,1.89148712390004,0.0585593482062441,"None",0.154411764705882,1826,21
"TI = (dairy OR milk OR yogurt OR cheese)","Food.Code108:Is_Industry_Top1001",0.825801600998137,8.73842791904239,2.36376645975265e-18,"1%",0.153416557161629,14942,467
"TI=(amaranth leaves)","Food.Code109:Is_Industry_Top1001",NA,NA,NA,"None",0,9,0
"TI=(arrowroot)","Food.Code110:Is_Industry_Top1001",NA,NA,NA,"None",0,12,0
"TI=(artichoke)","Food.Code111:Is_Industry_Top1001",13.7014078412528,0.0361903451011418,0.9711305844411,"None",0.666666666666667,150,2
"TI=(arugula)","Food.Code112:Is_Industry_Top1001",NA,NA,NA,"None",0,6,0
"TI=(asparagus)","Food.Code113:Is_Industry_Top1001",NA,NA,NA,"None",0,129,0
"TI=(bamboo shoots)","Food.Code114:Is_Industry_Top1001",NA,NA,NA,"None",0,72,0
"TI=(green beans)","Food.Code115:Is_Industry_Top1001",-12.6810283050055,-0.0236846518159464,0.981104148649311,"None",0.142857142857143,90,1
"TI=(beets or beetroot)","Food.Code116:Is_Industry_Top1001",0.726563177479774,0.511917695687617,0.608708612945129,"None",0.0869565217391304,319,2
"TI=(belgian endive)","Food.Code117:Is_Industry_Top1001",NA,NA,NA,"None",0,1,0
"TI=(bitter melon )","Food.Code118:Is_Industry_Top1001",NA,NA,NA,"None",0,51,0
"TI=(bok choy)","Food.Code119:Is_Industry_Top1001",NA,NA,NA,"None",0,3,0
"TI=(broccoli)","Food.Code120:Is_Industry_Top1001",-13.5109146733162,-0.0252346518579758,0.979867797564286,"None",0.04,401,1
"TI=(cabbage)","Food.Code122:Is_Industry_Top1001",-0.410687052089308,-0.353596008297209,0.72364166626314,"None",0.5,293,4
"TI=(carrot)","Food.Code123:Is_Industry_Top1001",0.97286108336256,1.26517381456095,0.205809027011322,"None",0.212121212121212,572,7
"TI=(cassava OR yucca root)","Food.Code124:Is_Industry_Top1001",-11.8825206087895,-0.044386519357858,0.964596307053028,"None",0.210526315789474,419,4
"TI=(cauliflower)","Food.Code125:Is_Industry_Top1001",0.342944751126828,0.269179844016091,0.787791290166538,"None",0.75,45,3
"TI=(celeriac OR celery root)","Food.Code126:Is_Industry_Top1001",NA,NA,NA,"None",0,7,0
"TI=(celery)","Food.Code127:Is_Industry_Top1001",-12.9470272849707,-0.0241814635058087,0.980707863786922,"None",0.2,61,1
"TI=(chayote)","Food.Code128:Is_Industry_Top1001",NA,NA,NA,"None",0,6,0
"TI=(chicory or curly endive)","Food.Code129:Is_Industry_Top1001",13.8456513556043,0.0365713403289956,0.970826795341849,"None",0.181818181818182,74,2
"TI=(collards)","Food.Code130:Is_Industry_Top1001",NA,NA,NA,"None",0,5,0
"TI=(cucumber)","Food.Code132:Is_Industry_Top1001",-0.106160195828366,-0.086357799115514,0.93118199298346,"None",0.107142857142857,392,3
"TI=(daikon)","Food.Code133:Is_Industry_Top1001",NA,NA,NA,"None",0,8,0
"TI=(eggplant)","Food.Code135:Is_Industry_Top1001",NA,NA,NA,"None",0,82,0
"TI=(fennel)","Food.Code136:Is_Industry_Top1001",NA,NA,NA,"None",0,43,0
"TI=(ginger)","Food.Code138:Is_Industry_Top1001",13.2493968840441,0.0349964228670905,0.972082593266157,"None",0.4,244,2
"TI=(horseradish)","Food.Code139:Is_Industry_Top1001",15.6632076121477,0.0292545321295639,0.976661589470623,"None",0.333333333333333,65,1
"TI=(jicama)","Food.Code140:Is_Industry_Top1001",NA,NA,NA,"None",0,8,0
"TI=(kale)","Food.Code141:Is_Industry_Top1001",13.2502135439667,0.0349985759967031,0.972080876369053,"None",1,86,2
"TI=(kohlrabi)","Food.Code142:Is_Industry_Top1001",NA,NA,NA,"None",0,6,0
"TI=(leeks)","Food.Code143:Is_Industry_Top1001",NA,NA,NA,"None",0,26,0
"TI=(lettuce)","Food.Code144:Is_Industry_Top1001",NA,NA,NA,"None",0,497,0
"TI=(mushrooms)","Food.Code145:Is_Industry_Top1001",-13.4788604312567,-0.0251747836432717,0.979915550317933,"None",0.0344827586206897,898,1
"TI=(mustard greens)","Food.Code146:Is_Industry_Top1001",NA,NA,NA,"None",0,5,0
"TI=(okra)","Food.Code147:Is_Industry_Top1001",NA,NA,NA,"None",0,59,0
"TI=(onion)","Food.Code148:Is_Industry_Top1001",NA,NA,NA,"None",0,372,0
"TI=(parsnip)","Food.Code149:Is_Industry_Top1001",NA,NA,NA,"None",0,7,0
"TI=(pepper)","Food.Code150:Is_Industry_Top1001",1.70474809223841,1.95710155832791,0.0503355292638584,"None",0.166666666666667,592,6
"TI=(potato)","Food.Code151:Is_Industry_Top1001",0.0197546728679862,0.0436571622334803,0.965177686222117,"None",0.203389830508475,1620,24
"TI=(pumpkin)","Food.Code152:Is_Industry_Top1001",NA,NA,NA,"None",0,207,0
"TI=(radicchio)","Food.Code153:Is_Industry_Top1001",NA,NA,NA,"None",0,8,0
"TI=(radishes)","Food.Code154:Is_Industry_Top1001",NA,NA,NA,"None",0,139,0
"TI=(rutabaga)","Food.Code155:Is_Industry_Top1001",NA,NA,NA,"None",0,3,0
"TI=(salsify or oysterplant)","Food.Code156:Is_Industry_Top1001",NA,NA,NA,"None",0,3,0
"TI=(shallots)","Food.Code157:Is_Industry_Top1001",NA,NA,NA,"None",0,8,0
"TI=(sorrel or dock)","Food.Code158:Is_Industry_Top1001",NA,NA,NA,"None",0,164,0
"TI=(squash)","Food.Code159:Is_Industry_Top1001",NA,NA,NA,"None",0,26,0
"TI=(spinach)","Food.Code160:Is_Industry_Top1001",14.7139498310533,0.027481588330083,0.978075624685604,"None",0.0526315789473684,278,1
"TI=(swiss chard)","Food.Code161:Is_Industry_Top1001",NA,NA,NA,"None",0,13,0
"TI=(tomatillo)","Food.Code162:Is_Industry_Top1001",NA,NA,NA,"None",0,2,0
"TI=(tomato)","Food.Code163:Is_Industry_Top1001",0.978005721724134,1.53973930523516,0.12362391185216,"None",0.163934426229508,1474,10
"TI=(turnip)","Food.Code164:Is_Industry_Top1001",NA,NA,NA,"None",0,32,0
"TI=(watercress)","Food.Code165:Is_Industry_Top1001",NA,NA,NA,"None",0,27,0
"TI=(zucchini)","Food.Code167:Is_Industry_Top1001",NA,NA,NA,"None",0,27,0
"TI=(gourd)","Food.Code168:Is_Industry_Top1001",13.6350593648671,0.025466517185433,0.979682855236077,"None",0.25,59,1
